synthetic_family,paper_row,physical_file_count,reproduced_score_auc_roc,paper_score_auc_roc,delta_score_auc_roc,reproduced_label_affiliation_f,paper_label_affiliation_f,delta_label_affiliation_f
con,Contextual,2,0.910011156364,0.910,0.000011156364,0.822552486593,0.823,-0.000447513407
glo,Global,2,0.996867036227,0.997,-0.000132963773,0.948533562651,0.949,-0.000466437349
sea,Seasonal,2,0.997618697536,0.998,-0.000381302464,0.996793941902,0.997,-0.000206058098
sha,Shapelet,2,0.967924042913,0.970,-0.002075957087,0.985220352062,0.985,0.000220352062
sub_mix,Mixture,2,0.891662227800,0.931,-0.039337772200,0.915561992984,0.892,0.023561992984
tre,Trend,2,0.930521300697,0.892,0.038521300697,0.891621544476,0.916,-0.024378455524
