{
  "complete_passes": 3,
  "confirmation_id": "a3_n1_background_nulling_route_graph_confirmation_v1",
  "passed": false,
  "required_complete_passes": 4,
  "runs": [
    {
      "contract_seed": 7202,
      "gates": {
        "independent_background": {
          "count": 2048,
          "exceedances": 62,
          "fpr": 0.0302734375,
          "maximum_accepted_exceedances": 182,
          "passed": true,
          "per_regime": {
            "0": {
              "count": 1024,
              "exceedances": 3,
              "fpr": 0.0029296875,
              "maximum_accepted_exceedances": 86,
              "passed": true,
              "upper_bound": 0.007307670774970188
            },
            "1": {
              "count": 1024,
              "exceedances": 59,
              "fpr": 0.0576171875,
              "maximum_accepted_exceedances": 86,
              "passed": true,
              "upper_bound": 0.07080134288014404
            }
          },
          "upper_bound": 0.037147386743111015
        },
        "normal_transition_controls": {
          "passed": true,
          "roles": {
            "normal_no_trigger": {
              "below_threshold": 16,
              "count": 16
            },
            "normal_routed_response": {
              "below_threshold": 14,
              "count": 16
            }
          }
        },
        "primary_misrouted_null_route": {
          "margins": [
            4.31748811353631,
            4.828313737302301,
            4.828313737302301,
            4.02535169073515,
            4.828313737302301,
            4.828313737302301,
            4.828313737302301,
            4.828313737302301,
            3.7727609380946383,
            3.449987545831587,
            3.9608131695975777,
            4.465908118654584,
            1.9459101490553135,
            3.9608131695975777,
            3.9608131695975777,
            2.302585092994046
          ],
          "median_tail_margin": 4.17141990213573,
          "pair_count": 16,
          "passed": true,
          "positive_pairs": 16
        },
        "secondary_partial_propagation_null_route": {
          "margins": [
            4.31748811353631,
            4.828313737302301,
            4.828313737302301,
            4.02535169073515,
            4.828313737302301,
            4.828313737302301,
            4.828313737302301,
            4.828313737302301,
            4.465908118654584,
            4.143134726391533,
            4.653960350157523,
            4.465908118654584,
            1.9459101490553135,
            4.653960350157523,
            4.653960350157523,
            2.302585092994046
          ],
          "median_tail_margin": 4.653960350157523,
          "pair_count": 16,
          "passed": true,
          "positive_pairs": 16
        },
        "untriggered_null_route": {
          "margins": [
            6.432940092739179,
            6.432940092739179,
            3.4965075614664802,
            6.432940092739179,
            6.432940092739179,
            6.432940092739179,
            6.432940092739179,
            6.432940092739179,
            6.432940092739179,
            6.432940092739179,
            6.432940092739179,
            6.432940092739179,
            3.8066624897703196,
            6.432940092739179,
            6.432940092739179,
            6.432940092739179
          ],
          "median_tail_margin": 6.432940092739179,
          "pair_count": 16,
          "passed": true,
          "positive_pairs": 16
        }
      },
      "model_seed": 8402,
      "pair_index": 0,
      "passed": true,
      "summary": "/media/h3c/users/wangyueyang1/cxy/PatternAD-main/result/a3/a3_n1_confirmation_contract7202_model8402_gpu/summary.json",
      "violations": []
    },
    {
      "contract_seed": 7203,
      "gates": {
        "independent_background": {
          "count": 2048,
          "exceedances": 69,
          "fpr": 0.03369140625,
          "maximum_accepted_exceedances": 182,
          "passed": true,
          "per_regime": {
            "0": {
              "count": 1024,
              "exceedances": 3,
              "fpr": 0.0029296875,
              "maximum_accepted_exceedances": 86,
              "passed": true,
              "upper_bound": 0.007307670774970188
            },
            "1": {
              "count": 1024,
              "exceedances": 66,
              "fpr": 0.064453125,
              "maximum_accepted_exceedances": 86,
              "passed": true,
              "upper_bound": 0.07825847928183352
            }
          },
          "upper_bound": 0.04088922859918037
        },
        "normal_transition_controls": {
          "passed": true,
          "roles": {
            "normal_no_trigger": {
              "below_threshold": 16,
              "count": 16
            },
            "normal_routed_response": {
              "below_threshold": 15,
              "count": 16
            }
          }
        },
        "primary_misrouted_null_route": {
          "margins": [
            4.736198448394496,
            4.736198448394496,
            4.615120516841259,
            4.615120516841259,
            4.736198448394496,
            4.736198448394496,
            4.615120516841259,
            4.736198448394496,
            4.736198448394496,
            4.736198448394496,
            4.736198448394496,
            3.8918202981106265,
            4.2484952420493585,
            3.1354942159291497,
            4.532599493153256,
            4.060443010546419
          ],
          "median_tail_margin": 4.675659482617878,
          "pair_count": 16,
          "passed": true,
          "positive_pairs": 16
        },
        "secondary_partial_propagation_null_route": {
          "margins": [
            4.736198448394496,
            4.736198448394496,
            4.615120516841259,
            4.615120516841259,
            4.736198448394496,
            4.736198448394496,
            4.615120516841259,
            4.736198448394496,
            4.736198448394496,
            4.736198448394496,
            4.736198448394496,
            3.8918202981106265,
            4.2484952420493585,
            3.1354942159291497,
            4.532599493153256,
            4.060443010546419
          ],
          "median_tail_margin": 4.675659482617878,
          "pair_count": 16,
          "passed": true,
          "positive_pairs": 16
        },
        "untriggered_null_route": {
          "margins": [
            6.432940092739179,
            6.432940092739179,
            6.432940092739179,
            6.432940092739179,
            6.432940092739179,
            6.432940092739179,
            6.432940092739179,
            6.432940092739179,
            6.432940092739179,
            6.432940092739179,
            6.432940092739179,
            6.432940092739179,
            6.432940092739179,
            6.432940092739179,
            6.432940092739179,
            6.432940092739179
          ],
          "median_tail_margin": 6.432940092739179,
          "pair_count": 16,
          "passed": true,
          "positive_pairs": 16
        }
      },
      "model_seed": 8403,
      "pair_index": 1,
      "passed": true,
      "summary": "/media/h3c/users/wangyueyang1/cxy/PatternAD-main/result/a3/a3_n1_confirmation_contract7203_model8403_gpu/summary.json",
      "violations": []
    },
    {
      "contract_seed": 7204,
      "gates": {
        "independent_background": {
          "count": 2048,
          "exceedances": 50,
          "fpr": 0.0244140625,
          "maximum_accepted_exceedances": 182,
          "passed": true,
          "per_regime": {
            "0": {
              "count": 1024,
              "exceedances": 3,
              "fpr": 0.0029296875,
              "maximum_accepted_exceedances": 86,
              "passed": true,
              "upper_bound": 0.007307670774970188
            },
            "1": {
              "count": 1024,