{
  "metrics": {
    "control_failed_primary": true,
    "control_primary": {
      "margins": [
        0.2876820724517808,
        0.24116205681688818,
        0.24116205681688818,
        -1.2992829841302607,
        0.24116205681688818,
        2.1000608288825715,
        0.24116205681688818,
        0.09531017980432477,
        1.0986122886681096,
        -0.24116205681688818,
        -1.4494732627414222,
        1.6357552207514736,
        0.9490805546971459,
        1.2992829841302607,
        0.9490805546971459,
        1.208311205924534
      ],
      "median_tail_margin": 0.2644220646343345,
      "pair_count": 16,
      "passed": false,
      "positive_pairs": 13
    },
    "development_primary": {
      "margins": [
        3.332204510175204,
        4.584967478670572,
        4.584967478670572,
        3.4965075614664802,
        4.584967478670572,
        4.584967478670572,
        4.584967478670572,
        2.6390573296152584,
        3.7612001156935624,
        4.77912349311153,
        3.4657359027997265,
        4.77912349311153,
        3.6109179126442243,
        3.8712010109078907,
        3.6109179126442243,
        4.77912349311153
      ],
      "median_tail_margin": 4.2280842447892315,
      "pair_count": 16,
      "passed": true,
      "positive_pairs": 16
    }
  },
  "passed": true,
  "violations": []
}
