{
  "config": {
    "Mlr": 0.0001,
    "batch_size": 4,
    "cf_dim": 64,
    "d_ff": 128,
    "d_model": 128,
    "e_layers": 3,
    "head_dim": 64,
    "inference_patch_size": 32,
    "inference_patch_stride": 1,
    "lr": 0.0001,
    "n_heads": 16,
    "num_epochs": 10,
    "patch_size": 8,
    "patch_stride": 8,
    "score_lambda": 1,
    "seq_len": 192,
    "temperature": 0.07
  },
  "data": {
    "anomaly_rate": 0.003963221306277742,
    "anomaly_segments": 3,
    "test_length": 12616,
    "train_length": 3604,
    "variables": 18
  },
  "dataset": "Genesis",
  "fit_seconds": 6762.410653352737,
  "module_parameters": {
    "low_rank_exchange": 66688,
    "other": 0,
    "raw_adapter": 1274,
    "raw_gate": 193,
    "residual_adapter": 16672,
    "residual_block_decoder": 82195,
    "scale_gate": 115,
    "shared_encoder": 864352,
    "total": 1130356,
    "trend_adapter": 16672,
    "trend_block_decoder": 82195
  },
  "parameters": 1130356,
  "peak_gpu_memory_bytes": 397330432,
  "primary_score": "total_score",
  "raw_gate": {
    "anomaly_mean": 0.28649795055389404,
    "mean": 0.2864621877670288,
    "normal_mean": 0.28646203875541687,
    "per_variable_mean": [
      0.3697497248649597,
      0.27539682388305664,
      0.3025018572807312,
      0.4979625940322876,
      0.3742840588092804,
      0.26588693261146545,
      0.21240314841270447,
      0.20990203320980072,
      0.28371214866638184,
      0.24310891330242157,
      0.2418358027935028,
      0.26183733344078064,
      0.2723686099052429,
      0.2716171443462372,
      0.24004770815372467,
      0.3086403012275696,
      0.27757808566093445,
      0.24749970436096191
    ],
    "std": 0.1153402104973793
  },
  "scale_entropy": {
    "mean": 0.8127908110618591,
    "per_variable_mean": [
      0.7480246424674988,
      0.8174599409103394,
      0.794278085231781,
      0.6958178281784058,
      0.7357500195503235,
      0.8211531639099121,
      0.8889195919036865,
      0.8982423543930054,
      0.8121822476387024,
      0.8386325836181641,
      0.8219231367111206,
      0.8354400396347046,
      0.8078311085700989,
      0.8226712942123413,
      0.8074966669082642,
      0.8108144998550415,
      0.8349003791809082,
      0.8388141393661499
    ]
  },
  "score_seconds": 10.461573839187622,
  "scored_length_before_padding": 12480,
  "scores": {
    "decomp_score": {
      "auc_pr": 0.025974141971396913,
      "auc_roc": 0.913783224574248
    },
    "raw_correction_score": {
      "auc_pr": 0.10192399331779126,
      "auc_roc": 0.9723062231418111
    },
    "residual_score": {
      "auc_pr": 0.02555352048179407,
      "auc_roc": 0.9070841954480344
    },
    "total_score": {
      "auc_pr": 0.02365348327666704,
      "auc_roc": 0.9156581250994749
    },
    "trend_score": {
      "auc_pr": 0.021832939411700992,
      "auc_roc": 0.8917157408881108
    }
  },
  "seed": 2021
}