{
  "config": {
    "Mlr": 5e-05,
    "batch_size": 128,
    "cf_dim": 64,
    "d_ff": 256,
    "d_model": 128,
    "e_layers": 3,
    "head_dim": 64,
    "lr": 0.0005,
    "n_heads": 2,
    "num_epochs": 5,
    "patch_size": 16,
    "patch_stride": 8,
    "seq_len": 192
  },
  "data": {
    "anomaly_rate": 0.1053316876669967,
    "anomaly_segments": 36,
    "test_length": 73729,
    "train_length": 58317,
    "variables": 55
  },
  "dataset": "MSL",
  "fit_seconds": 6701.996620893478,
  "module_parameters": {
    "low_rank_exchange": 66688,
    "other": 0,
    "raw_adapter": 3827,
    "raw_gate": 193,
    "residual_adapter": 16672,
    "residual_block_decoder": 85795,
    "scale_gate": 115,
    "shared_encoder": 220192,
    "total": 495949,
    "trend_adapter": 16672,
    "trend_block_decoder": 85795
  },
  "parameters": 495949,
  "peak_gpu_memory_bytes": 12534389760,
  "primary_score": "total_score",
  "raw_gate": {
    "anomaly_mean": 0.07512767612934113,
    "mean": 0.0656447634100914,
    "normal_mean": 0.06452830880880356,
    "per_variable_mean": [
      0.054535962641239166,
      0.005699699278920889,
      0.00569969043135643,
      0.0056996652856469154,
      0.005699699278920889,
      0.38426315784454346,
      0.041714735329151154,
      0.015998417511582375,
      0.005699699278920889,
      0.01469757966697216,
      0.005699699278920889,
      0.42872270941734314,
      0.3773626685142517,
      0.08598078787326813,
      0.08634933829307556,
      0.02372865565121174,
      0.023728640750050545,
      0.009554324671626091,
      0.005699699278920889,
      0.22077517211437225,
      0.050716333091259,
      0.005699699278920889,
      0.005699699278920889,
      0.008270538412034512,
      0.005699699278920889,
      0.0069834524765610695,
      0.005699699278920889,
      0.3661278188228607,
      0.006988453213125467,
      0.01599583588540554,
      0.005699699278920889,
      0.050743214786052704,
      0.005699699278920889,
      0.2412673830986023,
      0.005699699278920889,
      0.06471063196659088,
      0.005699699278920889,
      0.00955640897154808,
      0.005699699278920889,
      0.07770538330078125,
      0.005699699278920889,
      0.05973939597606659,
      0.005699699278920889,
      0.11391182988882065,
      0.005699699278920889,
      0.019859636202454567,
      0.006986833177506924,
      0.31156861782073975,
      0.014709512703120708,
      0.09069862961769104,
      0.005699699278920889,
      0.009553719311952591,
      0.005699699278920889,
      0.09568840265274048,
      0.10229011625051498
    ],
    "std": 0.15956175327301025
  },
  "scale_entropy": {
    "mean": 0.9541255235671997,
    "per_variable_mean": [
      0.9518992304801941,
      0.9600456953048706,
      0.9600464701652527,
      0.9600754976272583,
      0.9600456953048706,
      0.9324628114700317,
      0.9553665518760681,
      0.9576386213302612,
      0.9600456953048706,
      0.9577986598014832,
      0.9600456953048706,
      0.9367230534553528,
      0.9393452405929565,
      0.9521586894989014,
      0.9515957236289978,
      0.9492137432098389,
      0.9496726989746094,
      0.9576050639152527,
      0.9600456953048706,
      0.9478992819786072,
      0.954386293888092,
      0.9600456953048706,
      0.9600456953048706,
      0.9584880471229553,
      0.9600456953048706,
      0.9600380659103394,
      0.9600456953048706,
      0.9403931498527527,
      0.959183931350708,
      0.9559243321418762,
      0.9600456953048706,
      0.9459072947502136,
      0.9600456953048706,
      0.9470648169517517,
      0.9600456953048706,
      0.952067494392395,
      0.9600456953048706,
      0.9600012302398682,
      0.9600456953048706,
      0.9511740207672119,
      0.9600456953048706,
      0.9557784199714661,
      0.9600456953048706,
      0.951898455619812,
      0.9600456953048706,
      0.9531980156898499,
      0.9592326283454895,
      0.9423604607582092,
      0.9541586637496948,
      0.9522169828414917,
      0.9600456953048706,
      0.9600342512130737,
      0.9600456953048706,
      0.9488052725791931,
      0.9495405554771423
    ]
  },
  "score_seconds": 25.462682485580444,
  "scored_length_before_padding": 73728,
  "scores": {
    "decomp_score": {
      "auc_pr": 0.14978634639286093,
      "auc_roc": 0.6183606142072429
    },
    "raw_correction_score": {
      "auc_pr": 0.15250949226161625,
      "auc_roc": 0.6157015670866985
    },
    "residual_score": {
      "auc_pr": 0.1333545342558363,
      "auc_roc": 0.6042275857915165
    },
    "total_score": {
      "auc_pr": 0.16212512594162382,
      "auc_roc": 0.6424988887374016
    },
    "trend_score": {
      "auc_pr": 0.1679218290195422,
      "auc_roc": 0.648685740988667
    }
  },
  "seed": 2021
}