{
  "config": {
    "Mlr": 0.001,
    "auxi_lambda": 0.01,
    "batch_size": 128,
    "cf_dim": 16,
    "d_ff": 32,
    "d_model": 16,
    "dc_lambda": 0.05,
    "dropout": 0.3,
    "e_layers": 1,
    "head_dim": 32,
    "inference_patch_size": 96,
    "lr": 0.005,
    "n_heads": 4,
    "num_epochs": 3,
    "patch_size": 16,
    "patch_stride": 8,
    "score_lambda": 0.5,
    "seq_len": 192
  },
  "data": {
    "anomaly_rate": 0.27755831559294636,
    "anomaly_segments": 72,
    "test_length": 87841,
    "train_length": 132481,
    "variables": 25
  },
  "dataset": "PSM",
  "fit_seconds": 4816.408638000488,
  "module_parameters": {
    "low_rank_exchange": 2208,
    "other": 0,
    "raw_adapter": 533,
    "raw_gate": 49,
    "residual_adapter": 552,
    "residual_block_decoder": 5667,
    "scale_gate": 115,
    "shared_encoder": 11600,
    "total": 26943,
    "trend_adapter": 552,
    "trend_block_decoder": 5667
  },
  "parameters": 26943,
  "peak_gpu_memory_bytes": 1456684032,
  "primary_score": "total_score",
  "raw_gate": {
    "anomaly_mean": 0.1538475900888443,
    "mean": 0.1564280390739441,
    "normal_mean": 0.15741589665412903,
    "per_variable_mean": [
      0.022768743336200714,
      0.023033926263451576,
      0.023092525079846382,
      0.05246538668870926,
      0.11406540125608444,
      0.10615959018468857,
      0.2951000928878784,
      0.16258566081523895,
      0.12907876074314117,
      0.12118757516145706,
      0.14868846535682678,
      0.1986168622970581,
      0.3170855939388275,
      0.31076210737228394,
      0.2895369231700897,
      0.20326627790927887,
      0.13842324912548065,
      0.18707707524299622,
      0.1513666808605194,
      0.1698763519525528,
      0.2443835437297821,
      0.07568369060754776,
      0.17760184407234192,
      0.010142272338271141,
      0.23865516483783722
    ],
    "std": 0.1273823380470276
  },
  "scale_entropy": {
    "mean": 0.6841601133346558,
    "per_variable_mean": [
      0.8720889091491699,
      0.857394278049469,
      0.8842691779136658,
      0.7468711137771606,
      0.6942374110221863,
      0.7141059637069702,
      0.5040460228919983,
      0.6433310508728027,
      0.7053036093711853,
      0.7046689987182617,
      0.671290397644043,
      0.5799359083175659,
      0.5787403583526611,
      0.5725215077400208,
      0.5742284655570984,
      0.592179536819458,
      0.6959361433982849,
      0.620284914970398,
      0.6870338320732117,
      0.6292781829833984,
      0.6238923072814941,
      0.8183810114860535,
      0.6067652702331543,
      0.964297354221344,
      0.5631063580513
    ]
  },
  "score_seconds": 34.80159282684326,
  "scored_length_before_padding": 87744,
  "scores": {
    "decomp_score": {
      "auc_pr": 0.43539723752059645,
      "auc_roc": 0.6471099659203867
    },
    "raw_correction_score": {
      "auc_pr": 0.4136134344664507,
      "auc_roc": 0.6465384066111008
    },
    "residual_score": {
      "auc_pr": 0.42445657606933973,
      "auc_roc": 0.6372791735278511
    },
    "total_score": {
      "auc_pr": 0.5520759643630998,
      "auc_roc": 0.7541679171366553
    },
    "trend_score": {
      "auc_pr": 0.4301436097055259,
      "auc_roc": 0.6477259562590736
    }
  },
  "seed": 2021
}