{
  "config": {
    "Mlr": 1e-05,
    "auxi_lambda": 0.1,
    "batch_size": 128,
    "cf_dim": 128,
    "d_ff": 128,
    "d_model": 128,
    "dc_lambda": 0.5,
    "e_layers": 2,
    "head_dim": 32,
    "inference_patch_size": 16,
    "lr": 0.0001,
    "n_heads": 8,
    "num_epochs": 10,
    "patch_size": 16,
    "patch_stride": 16,
    "score_lambda": 0.5,
    "seq_len": 192,
    "temperature": 0.07
  },
  "data": {
    "anomaly_rate": 0.029365079365079365,
    "anomaly_segments": 13,
    "test_length": 2520,
    "train_length": 2520,
    "variables": 2
  },
  "dataset": "CalIt2",
  "fit_seconds": 100.75656867027283,
  "module_parameters": {
    "decomposition_scale_gate": 115,
    "low_rank_exchange": 66688,
    "other": 0,
    "raw_adapter": 170,
    "raw_gate_network": 193,
    "residual_adapter": 16672,
    "shared_catch_backbone": 58542848,
    "total": 58643358,
    "trend_adapter": 16672
  },
  "parameters": 58643358,
  "peak_gpu_memory_bytes": 1474012160,
  "primary_score": "total_score",
  "raw_gate": {
    "anomaly_mean": 0.06280399113893509,
    "mean": 0.06271166354417801,
    "normal_mean": 0.06270883977413177,
    "per_variable_mean": [
      0.06267687678337097,
      0.06274645775556564
    ],
    "std": 0.001146420487202704
  },
  "scale_entropy": {
    "mean": 0.9896563291549683,
    "per_variable_mean": [
      0.9900187849998474,
      0.9892924427986145
    ]
  },
  "score_seconds": 6.994337797164917,
  "scored_length_before_padding": 2496,
  "scores": {
    "decomp_score": {
      "auc_pr": 0.09041822364122962,
      "auc_roc": 0.8250591147156969
    },
    "raw_correction_score": {
      "auc_pr": 0.06915113072146176,
      "auc_roc": 0.618848202249674
    },
    "residual_score": {
      "auc_pr": 0.09518001581826134,
      "auc_roc": 0.8225785065523414
    },
    "total_score": {
      "auc_pr": 0.09077762952991442,
      "auc_roc": 0.8251419858124682
    },
    "trend_score": {
      "auc_pr": 0.048100175560928604,
      "auc_roc": 0.6427261275993901
    }
  },
  "seed": 2021
}