{
  "config": {
    "Mlr": 0.0001,
    "batch_size": 4,
    "cf_dim": 64,
    "d_ff": 128,
    "d_model": 128,
    "e_layers": 3,
    "head_dim": 64,
    "inference_patch_size": 32,
    "inference_patch_stride": 1,
    "lr": 0.0001,
    "n_heads": 16,
    "num_epochs": 10,
    "patch_size": 8,
    "patch_stride": 8,
    "score_lambda": 1,
    "seq_len": 192,
    "temperature": 0.07
  },
  "data": {
    "anomaly_rate": 0.003963221306277742,
    "anomaly_segments": 3,
    "test_length": 12616,
    "train_length": 3604,
    "variables": 18
  },
  "dataset": "Genesis",
  "fit_seconds": 6308.299945354462,
  "module_parameters": {
    "decomposition_scale_gate": 115,
    "low_rank_exchange": 66688,
    "other": 0,
    "raw_adapter": 1274,
    "raw_gate_network": 193,
    "residual_adapter": 16672,
    "shared_catch_backbone": 230106272,
    "total": 230207886,
    "trend_adapter": 16672
  },
  "parameters": 230207886,
  "peak_gpu_memory_bytes": 5540722688,
  "primary_score": "total_score",
  "raw_gate": {
    "anomaly_mean": 0.378615140914917,
    "mean": 0.37676727771759033,
    "normal_mean": 0.3767598271369934,
    "per_variable_mean": [
      0.4392874240875244,
      0.38000524044036865,
      0.39911511540412903,
      0.49861881136894226,
      0.44276589155197144,
      0.3620867133140564,
      0.32560333609580994,
      0.3235545754432678,
      0.37513232231140137,
      0.3467218279838562,
      0.34701526165008545,
      0.36351728439331055,
      0.37321996688842773,
      0.37079811096191406,
      0.3343527913093567,
      0.3687358796596527,
      0.3801752030849457,
      0.3512156307697296
    ],
    "std": 0.07981834560632706
  },
  "scale_entropy": {
    "mean": 0.8942916989326477,
    "per_variable_mean": [
      0.8998239636421204,
      0.8781331181526184,
      0.8772920370101929,
      0.9000588655471802,
      0.8964037895202637,
      0.8893194794654846,
      0.9208367466926575,
      0.9248250126838684,
      0.8822148442268372,
      0.8992359638214111,
      0.8972634077072144,
      0.8903865814208984,
      0.8799712061882019,
      0.8841325640678406,
      0.907888650894165,
      0.8895230889320374,
      0.8834546804428101,
      0.896354079246521
    ]
  },
  "score_seconds": 38.79490947723389,
  "scored_length_before_padding": 12480,
  "scores": {
    "decomp_score": {
      "auc_pr": 0.07034597322966482,
      "auc_roc": 0.9460655737704918
    },
    "raw_correction_score": {
      "auc_pr": 0.021165793206907393,
      "auc_roc": 0.8932858507082604
    },
    "residual_score": {
      "auc_pr": 0.026090845214493424,
      "auc_roc": 0.8908276301130033
    },
    "total_score": {
      "auc_pr": 0.15125435884260463,
      "auc_roc": 0.9818573929651441
    },
    "trend_score": {
      "auc_pr": 0.042539989000009104,
      "auc_roc": 0.9409899729428617
    }
  },
  "seed": 2021
}