{
  "config": {
    "Mlr": 5e-05,
    "batch_size": 128,
    "cf_dim": 64,
    "d_ff": 256,
    "d_model": 128,
    "e_layers": 3,
    "head_dim": 64,
    "lr": 0.0005,
    "n_heads": 2,
    "num_epochs": 5,
    "patch_size": 16,
    "patch_stride": 8,
    "seq_len": 192
  },
  "data": {
    "anomaly_rate": 0.1053316876669967,
    "anomaly_segments": 36,
    "test_length": 73729,
    "train_length": 58317,
    "variables": 55
  },
  "dataset": "MSL",
  "fit_seconds": 8913.935820102692,
  "module_parameters": {
    "decomposition_scale_gate": 115,
    "low_rank_exchange": 66688,
    "other": 0,
    "raw_adapter": 3827,
    "raw_gate_network": 193,
    "residual_adapter": 16672,
    "shared_catch_backbone": 210881120,
    "total": 210985287,
    "trend_adapter": 16672
  },
  "parameters": 210985287,
  "peak_gpu_memory_bytes": 19475350528,
  "primary_score": "total_score",
  "raw_gate": {
    "anomaly_mean": 0.0840144082903862,
    "mean": 0.07444310188293457,
    "normal_mean": 0.07331623882055283,
    "per_variable_mean": [
      0.08817105740308762,
      0.01683620549738407,
      0.016836244612932205,
      0.0168425552546978,
      0.01683620549738407,
      0.3516968786716461,
      0.05207506939768791,
      0.02691064216196537,
      0.01683620549738407,
      0.02565242350101471,
      0.01683620549738407,
      0.40987271070480347,
      0.38028112053871155,
      0.09506934881210327,
      0.0956675335764885,
      0.03445866331458092,
      0.034459829330444336,
      0.020610887557268143,
      0.01683620549738407,
      0.2274017035961151,
      0.06087125837802887,
      0.01683620549738407,
      0.01683620549738407,
      0.019352681934833527,
      0.01683620549738407,
      0.01785792037844658,
      0.01683620549738407,
      0.3691408634185791,
      0.01809563860297203,
      0.026910630986094475,
      0.01683620549738407,
      0.06087939068675041,
      0.01683620549738407,
      0.22552578151226044,
      0.01683620549738407,
      0.0745227113366127,
      0.01683620549738407,
      0.019699834287166595,
      0.01683620549738407,
      0.08710853010416031,
      0.01683620549738407,
      0.06961438804864883,
      0.01683620549738407,
      0.12239260226488113,
      0.01683620549738407,
      0.030686020851135254,
      0.018094457685947418,
      0.31591635942459106,
      0.025644924491643906,
      0.10000893473625183,
      0.01683620549738407,
      0.02061542123556137,
      0.01683620549738407,
      0.10476860404014587,
      0.11111897975206375
    ],
    "std": 0.15310169756412506
  },
  "scale_entropy": {
    "mean": 0.903798520565033,
    "per_variable_mean": [
      0.8968715667724609,
      0.9176123738288879,
      0.9176095128059387,
      0.9171374440193176,
      0.9176123738288879,
      0.8470098972320557,
      0.9065002799034119,
      0.9125810265541077,
      0.9176123738288879,
      0.9128127694129944,
      0.9176123738288879,
      0.8591724634170532,
      0.8640027046203613,
      0.8904786705970764,
      0.8879006505012512,
      0.8967540264129639,
      0.895807683467865,
      0.9131463170051575,
      0.9176123738288879,
      0.8860145211219788,
      0.9042088985443115,
      0.9176123738288879,
      0.9176123738288879,
      0.9145097732543945,
      0.9176123738288879,
      0.9175971150398254,
      0.9176123738288879,
      0.867246687412262,
      0.9157665967941284,
      0.9104031324386597,
      0.9176123738288879,
      0.8902686238288879,
      0.9176123738288879,
      0.8787035942077637,
      0.9176123738288879,
      0.8924638032913208,
      0.9176123738288879,
      0.9175641536712646,
      0.9176123738288879,
      0.8923041820526123,
      0.9176123738288879,
      0.9059468507766724,
      0.9176123738288879,
      0.895894467830658,
      0.9176123738288879,
      0.9047648906707764,
      0.9161243438720703,
      0.8712235689163208,
      0.9062451124191284,
      0.8902304768562317,
      0.9176123738288879,
      0.9175894856452942,
      0.9176123738288879,
      0.8900406956672668,
      0.8907399773597717
    ]
  },
  "score_seconds": 25.984408617019653,
  "scored_length_before_padding": 73728,
  "scores": {
    "decomp_score": {
      "auc_pr": 0.15873054472198128,
      "auc_roc": 0.6420756225535079
    },
    "raw_correction_score": {
      "auc_pr": 0.16326873306539985,
      "auc_roc": 0.6465788035777118
    },
    "residual_score": {
      "auc_pr": 0.14418291548212742,
      "auc_roc": 0.6242706878623834
    },
    "total_score": {
      "auc_pr": 0.16428634761030209,
      "auc_roc": 0.6531699768756886
    },
    "trend_score": {
      "auc_pr": 0.16886945088316935,
      "auc_roc": 0.6394979614388199
    }
  },
  "seed": 2021
}