{
  "config": {
    "Mlr": 0.001,
    "auxi_lambda": 0.01,
    "batch_size": 128,
    "cf_dim": 16,
    "d_ff": 32,
    "d_model": 16,
    "dc_lambda": 0.05,
    "dropout": 0.3,
    "e_layers": 1,
    "head_dim": 32,
    "inference_patch_size": 96,
    "lr": 0.005,
    "n_heads": 4,
    "num_epochs": 3,
    "patch_size": 16,
    "patch_stride": 8,
    "score_lambda": 0.5,
    "seq_len": 192
  },
  "data": {
    "anomaly_rate": 0.27755831559294636,
    "anomaly_segments": 72,
    "test_length": 87841,
    "train_length": 132481,
    "variables": 25
  },
  "dataset": "PSM",
  "fit_seconds": 4364.677043199539,
  "module_parameters": {
    "decomposition_scale_gate": 115,
    "low_rank_exchange": 2208,
    "other": 0,
    "raw_adapter": 533,
    "raw_gate_network": 49,
    "residual_adapter": 552,
    "shared_catch_backbone": 3772688,
    "total": 3776697,
    "trend_adapter": 552
  },
  "parameters": 3776697,
  "peak_gpu_memory_bytes": 1503267328,
  "primary_score": "total_score",
  "raw_gate": {
    "anomaly_mean": 0.19141608476638794,
    "mean": 0.19132082164287567,
    "normal_mean": 0.19128431379795074,
    "per_variable_mean": [
      0.049178965389728546,
      0.04139997437596321,
      0.051601801067590714,
      0.04835553094744682,
      0.17450258135795593,
      0.1660095602273941,
      0.29427534341812134,
      0.2115267515182495,
      0.1951656937599182,
      0.18520747125148773,
      0.20504048466682434,
      0.22812876105308533,
      0.33698803186416626,
      0.32534274458885193,
      0.3076276183128357,
      0.24011535942554474,
      0.20166562497615814,
      0.22134548425674438,
      0.20160670578479767,
      0.20902998745441437,
      0.2631807327270508,
      0.12365817278623581,
      0.2048245221376419,
      0.042084209620952606,
      0.25510770082473755
    ],
    "std": 0.11250004172325134
  },
  "scale_entropy": {
    "mean": 0.6811495423316956,
    "per_variable_mean": [
      0.8132349848747253,
      0.8646685481071472,
      0.8367534279823303,
      0.7423170804977417,
      0.6641653180122375,
      0.6712705492973328,
      0.6064523458480835,
      0.6471789479255676,
      0.6566883325576782,
      0.6605077981948853,
      0.6506670713424683,
      0.627703845500946,
      0.6226720809936523,
      0.6268437504768372,
      0.6224121451377869,
      0.6560442447662354,
      0.652859091758728,
      0.640564501285553,
      0.6639357209205627,
      0.6261537671089172,
      0.6480497717857361,
      0.7484017014503479,
      0.6389713883399963,
      0.8083844184875488,
      0.6319907307624817
    ]
  },
  "score_seconds": 32.68906593322754,
  "scored_length_before_padding": 87744,
  "scores": {
    "decomp_score": {
      "auc_pr": 0.42264633334683965,
      "auc_roc": 0.6380518011078798
    },
    "raw_correction_score": {
      "auc_pr": 0.4304685576661569,
      "auc_roc": 0.6597094119739771
    },
    "residual_score": {
      "auc_pr": 0.42221907465268704,
      "auc_roc": 0.6376168004247831
    },
    "total_score": {
      "auc_pr": 0.5055084528272333,
      "auc_roc": 0.7203366572858312
    },
    "trend_score": {
      "auc_pr": 0.3622066573751742,
      "auc_roc": 0.5873765670268136
    }
  },
  "seed": 2021
}