{
  "all_seed_gates_pass": true,
  "integer_metrics": {
    "coherent_exceedance_count": [
      0,
      1,
      1,
      0,
      2
    ],
    "target_spike_success_count": [
      16,
      16,
      16,
      16,
      16
    ]
  },
  "metrics": {
    "background_disagreement_fpr_gap": {
      "maximum": 0.044007970130631936,
      "mean": 0.02301661106818656,
      "median": 0.013128800442233274,
      "minimum": 0.010868985620589751
    },
    "background_max_group_fpr": {
      "maximum": 0.0777988614800759,
      "mean": 0.0678670340833605,
      "median": 0.0767590618336887,
      "minimum": 0.05177993527508091
    },
    "cross_relative_improvement": {
      "maximum": 0.876285175291673,
      "mean": 0.8581727455616086,
      "median": 0.8666146860820142,
      "minimum": 0.8241705910702329
    },
    "omission_cross_median_tail_delta": {
      "maximum": 4.634540433499391,
      "mean": 4.3727099241757585,
      "median": 4.288861845578134,
      "minimum": 4.232423355522014
    },
    "omission_disagreement_median_tail_delta": {
      "maximum": 4.8440620942704395,
      "mean": 4.45952994708496,
      "median": 4.405727754121173,
      "minimum": 4.0004261934810685
    },
    "unsupported_cross_median_tail_delta": {
      "maximum": 4.676881977114411,
      "mean": 4.39458763420604,
      "median": 4.419553231665779,
      "minimum": 4.097357765034188
    },
    "unsupported_disagreement_median_tail_delta": {
      "maximum": 4.825765759526854,
      "mean": 4.472056639591078,
      "median": 4.405727754121173,
      "minimum": 4.0004261934810685
    }
  },
  "phase": "B1",
  "protocol_hash_without_seed": "51b782cbcdd02f670ebd44d5e6d530f341e0dca903bb855bdc6b6f919e9213f0",
  "runs": [
    {
      "all_gates_pass": true,
      "background_disagreement_fpr_gap": 0.013128800442233274,
      "background_max_group_fpr": 0.05177993527508091,
      "coherent_exceedance_count": 0,
      "cross_relative_improvement": 0.8510425291879631,
      "omission_cross_median_tail_delta": 4.634540433499391,
      "omission_disagreement_median_tail_delta": 4.363078339578307,
      "result_dir": "result/multi_evidence/b1_ecrc_seed3101_gpu",
      "seed": 3101,
      "status": "passed",
      "target_spike_success_count": 16,
      "unsupported_cross_median_tail_delta": 4.676881977114411,
      "unsupported_disagreement_median_tail_delta": 4.363078339578307
    },
    {
      "all_gates_pass": true,
      "background_disagreement_fpr_gap": 0.010868985620589751,
      "background_max_group_fpr": 0.05591397849462366,
      "coherent_exceedance_count": 1,
      "cross_relative_improvement": 0.8666146860820142,
      "omission_cross_median_tail_delta": 4.232423355522014,
      "omission_disagreement_median_tail_delta": 4.0004261934810685,
      "result_dir": "result/multi_evidence/b1_ecrc_seed3102_gpu",
      "seed": 3102,
      "status": "passed",
      "target_spike_success_count": 16,
      "unsupported_cross_median_tail_delta": 4.097357765034188,
      "unsupported_disagreement_median_tail_delta": 4.0004261934810685
    },
    {
      "all_gates_pass": true,
      "background_disagreement_fpr_gap": 0.012547157303506213,
      "background_max_group_fpr": 0.0777988614800759,
      "coherent_exceedance_count": 1,
      "cross_relative_improvement": 0.8241705910702329,
      "omission_cross_median_tail_delta": 4.288861845578134,
      "omission_disagreement_median_tail_delta": 4.684355353973812,
      "result_dir": "result/multi_evidence/b1_ecrc_seed3103_gpu",
      "seed": 3103,
      "status": "passed",
      "target_spike_success_count": 16,
      "unsupported_cross_median_tail_delta": 4.504218210387931,
      "unsupported_disagreement_median_tail_delta": 4.825765759526854
    },
    {
      "all_gates_pass": true,
      "background_disagreement_fpr_gap": 0.034530141843971636,
      "background_max_group_fpr": 0.07708333333333334,
      "coherent_exceedance_count": 0,
      "cross_relative_improvement": 0.8727507461761599,
      "omission_cross_median_tail_delta": 4.432796999451362,
      "omission_disagreement_median_tail_delta": 4.8440620942704395,
      "result_dir": "result/multi_evidence/b1_ecrc_seed3104_gpu",
      "seed": 3104,
      "status": "passed",
      "target_spike_success_count": 16,
      "unsupported_cross_median_tail_delta": 4.419553231665779,
      "unsupported_disagreement_median_tail_delta": 4.765285151247986
    },
    {
      "all_gates_pass": true,
      "background_disagreement_fpr_gap": 0.044007970130631936,
      "background_max_group_fpr": 0.0767590618336887,
      "coherent_exceedance_count": 2,
      "cross_relative_improvement": 0.876285175291673,
      "omission_cross_median_tail_delta": 4.274926986827893,
      "omission_disagreement_median_tail_delta": 4.405727754121173,
      "result_dir": "result/multi_evidence/b1_ecrc_seed3105_gpu",
      "seed": 3105,
      "status": "passed",
      "target_spike_success_count": 16,
      "unsupported_cross_median_tail_delta": 4.274926986827893,
      "unsupported_disagreement_median_tail_delta": 4.405727754121173
    }
  ],
  "seed_count": 5,
  "seeds": [
    3101,
    3102,
    3103,
    3104,
    3105
  ],
  "source_hashes": {
    "generator_sha256": "c1aabb94eef9ecb5caa5b0cee271409f6f50b675f5d3e03107ea3141eb14b244",
    "model_sha256": "06b1646af7f982be5970638acf579b244ad42ccd0526052d2e5cc6913f93741c",
    "reliability_calibration_sha256": "3120d5a2d3a205a32498d9fedd373af08277e240e1d926b031aeaacaf2312780",
    "runner_sha256": "fbd94e6e71eb38dda910a543137cf4115e5b5055f664f7fecb900badba1a800c"
  }
}
