{
  "config": {
    "Mlr": 0.0001,
    "batch_size": 4,
    "cf_dim": 64,
    "d_ff": 128,
    "d_model": 128,
    "e_layers": 3,
    "head_dim": 64,
    "inference_patch_size": 32,
    "inference_patch_stride": 1,
    "lr": 0.0001,
    "n_heads": 16,
    "num_epochs": 10,
    "patch_size": 8,
    "patch_stride": 8,
    "score_lambda": 1,
    "seq_len": 192,
    "temperature": 0.07
  },
  "data": {
    "anomaly_rate": 0.003963221306277742,
    "anomaly_segments": 3,
    "test_length": 12616,
    "train_length": 3604,
    "variables": 18
  },
  "dataset": "Genesis",
  "fit_seconds": 6994.788407325745,
  "module_parameters": {
    "low_rank_exchange": 66688,
    "other": 0,
    "raw_adapter": 1274,
    "raw_gate": 193,
    "residual_adapter": 16672,
    "residual_decoder": 5735488,
    "scale_gate": 115,
    "shared_encoder": 864352,
    "total": 12436942,
    "trend_adapter": 16672,
    "trend_decoder": 5735488
  },
  "parameters": 12436942,
  "peak_gpu_memory_bytes": 631239680,
  "primary_score": "total_score",
  "raw_gate": {
    "anomaly_mean": 0.38048213720321655,
    "mean": 0.3764708340167999,
    "normal_mean": 0.3764547109603882,
    "per_variable_mean": [
      0.45513004064559937,
      0.39499524235725403,
      0.4182286560535431,
      0.4993368685245514,
      0.45833033323287964,
      0.35734793543815613,
      0.30975043773651123,
      0.307328999042511,
      0.37753555178642273,
      0.3350200653076172,
      0.3352473974227905,
      0.3644361197948456,
      0.3782941401004791,
      0.3736932873725891,
      0.306290864944458,
      0.3651604950428009,
      0.39784592390060425,
      0.34256747364997864
    ],
    "std": 0.10435850918292999
  },
  "scale_entropy": {
    "mean": 0.883686900138855,
    "per_variable_mean": [
      0.8515134453773499,
      0.8884650468826294,
      0.8726896047592163,
      0.8231781721115112,
      0.8433426022529602,
      0.8862225413322449,
      0.9253065586090088,
      0.9296202063560486,
      0.8812613487243652,
      0.8945701122283936,
      0.8951663374900818,
      0.894601047039032,
      0.8857719898223877,
      0.8864301443099976,
      0.8766034841537476,
      0.8815600872039795,
      0.8965661525726318,
      0.8937004804611206
    ]
  },
  "score_seconds": 52.59807538986206,
  "scored_length_before_padding": 12480,
  "scores": {
    "decomp_score": {
      "auc_pr": 0.02428036318142852,
      "auc_roc": 0.8734267069871081
    },
    "raw_correction_score": {
      "auc_pr": 0.01373777419254326,
      "auc_roc": 0.8136654464427819
    },
    "residual_score": {
      "auc_pr": 0.020077652572571405,
      "auc_roc": 0.8539710329460449
    },
    "total_score": {
      "auc_pr": 0.024144341386771608,
      "auc_roc": 0.9046458698074168
    },
    "trend_score": {
      "auc_pr": 0.024978886750496098,
      "auc_roc": 0.8356565335031038
    }
  },
  "seed": 2021
}