{
  "config": {
    "Mlr": 5e-05,
    "batch_size": 128,
    "cf_dim": 64,
    "d_ff": 256,
    "d_model": 128,
    "e_layers": 3,
    "head_dim": 64,
    "lr": 0.0005,
    "n_heads": 2,
    "num_epochs": 5,
    "patch_size": 16,
    "patch_stride": 8,
    "seq_len": 192
  },
  "data": {
    "anomaly_rate": 0.1053316876669967,
    "anomaly_segments": 36,
    "test_length": 73729,
    "train_length": 58317,
    "variables": 55
  },
  "dataset": "MSL",
  "fit_seconds": 7127.301434278488,
  "module_parameters": {
    "low_rank_exchange": 66688,
    "other": 0,
    "raw_adapter": 3827,
    "raw_gate": 193,
    "residual_adapter": 16672,
    "residual_decoder": 5504576,
    "scale_gate": 115,
    "shared_encoder": 220192,
    "total": 11333511,
    "trend_adapter": 16672,
    "trend_decoder": 5504576
  },
  "parameters": 11333511,
  "peak_gpu_memory_bytes": 16312901120,
  "primary_score": "total_score",
  "raw_gate": {
    "anomaly_mean": 0.07527901232242584,
    "mean": 0.06583501398563385,
    "normal_mean": 0.06472314894199371,
    "per_variable_mean": [
      0.061310894787311554,
      0.0051980214193463326,
      0.0051980214193463326,
      0.0051980214193463326,
      0.0051980214193463326,
      0.3993348479270935,
      0.04126165062189102,
      0.015515794046223164,
      0.0051980214193463326,
      0.014212708920240402,
      0.0051980214193463326,
      0.4326202869415283,
      0.377964049577713,
      0.08607764542102814,
      0.08617796748876572,
      0.023246964439749718,
      0.02324691414833069,
      0.009063053876161575,
      0.0051980214193463326,
      0.22063878178596497,
      0.050270721316337585,
      0.0051980214193463326,
      0.0051980214193463326,
      0.007775167468935251,
      0.0051980214193463326,
      0.006482406053692102,
      0.0051980214193463326,
      0.36643123626708984,
      0.0064827813766896725,
      0.015511827543377876,
      0.0051980214193463326,
      0.050297386944293976,
      0.0051980214193463326,
      0.24632371962070465,
      0.0051980214193463326,
      0.06433334946632385,
      0.0051980214193463326,
      0.00918541382998228,
      0.0051980214193463326,
      0.07728371769189835,
      0.0051980214193463326,
      0.059303462505340576,
      0.0051980214193463326,
      0.11351478099822998,
      0.0051980214193463326,
      0.019380763173103333,
      0.006486594211310148,
      0.3117934465408325,
      0.01421805564314127,
      0.09032157808542252,
      0.0051980214193463326,
      0.009054760448634624,
      0.0051980214193463326,
      0.09526298940181732,
      0.10189686715602875
    ],
    "std": 0.16077224910259247
  },
  "scale_entropy": {
    "mean": 0.9867708086967468,
    "per_variable_mean": [
      0.984409749507904,
      0.9967324733734131,
      0.9967324733734131,
      0.9967324733734131,
      0.9967324733734131,
      0.9666130542755127,
      0.9834239482879639,
      0.9908797144889832,
      0.9967324733734131,
      0.9915229082107544,
      0.9967324733734131,
      0.9687703251838684,
      0.965464174747467,
      0.9804968237876892,
      0.9781631827354431,
      0.9718058705329895,
      0.972529947757721,
      0.9915309548377991,
      0.9967324733734131,
      0.9744099378585815,
      0.9803849458694458,
      0.9967324733734131,
      0.9967324733734131,
      0.9931786060333252,
      0.9967324733734131,
      0.9967362880706787,
      0.9967324733734131,
      0.96734619140625,
      0.9946103692054749,
      0.9883524775505066,
      0.9967324733734131,
      0.9656734466552734,
      0.9967324733734131,
      0.9760249257087708,
      0.9967324733734131,
      0.9758440852165222,
      0.9967324733734131,
      0.9967553615570068,
      0.9967324733734131,
      0.9747599363327026,
      0.9967324733734131,
      0.9851267337799072,
      0.9967324733734131,
      0.9758421778678894,
      0.9967324733734131,
      0.9824061989784241,
      0.9950031638145447,
      0.9674828052520752,
      0.983478844165802,
      0.9784530997276306,
      0.9967324733734131,
      0.9967401027679443,
      0.9967324733734131,
      0.965276837348938,
      0.967621922492981
    ]
  },
  "score_seconds": 21.941035270690918,
  "scored_length_before_padding": 73728,
  "scores": {
    "decomp_score": {
      "auc_pr": 0.14243889046375696,
      "auc_roc": 0.6147742704571241
    },
    "raw_correction_score": {
      "auc_pr": 0.14830521202206243,
      "auc_roc": 0.6227954150964279
    },
    "residual_score": {
      "auc_pr": 0.13329300780040865,
      "auc_roc": 0.59957597874356
    },
    "total_score": {
      "auc_pr": 0.16174447855849075,
      "auc_roc": 0.6137450810039602
    },
    "trend_score": {
      "auc_pr": 0.1612101618444591,
      "auc_roc": 0.6246452754874572
    }
  },
  "seed": 2021
}