{
  "config": {
    "Mlr": 0.001,
    "auxi_lambda": 0.01,
    "batch_size": 128,
    "cf_dim": 16,
    "d_ff": 32,
    "d_model": 16,
    "dc_lambda": 0.05,
    "dropout": 0.3,
    "e_layers": 1,
    "head_dim": 32,
    "inference_patch_size": 96,
    "lr": 0.005,
    "n_heads": 4,
    "num_epochs": 3,
    "patch_size": 16,
    "patch_stride": 8,
    "score_lambda": 0.5,
    "seq_len": 192
  },
  "data": {
    "anomaly_rate": 0.27755831559294636,
    "anomaly_segments": 72,
    "test_length": 87841,
    "train_length": 132481,
    "variables": 25
  },
  "dataset": "PSM",
  "fit_seconds": 4962.084050178528,
  "module_parameters": {
    "low_rank_exchange": 2208,
    "other": 0,
    "raw_adapter": 533,
    "raw_gate": 49,
    "residual_adapter": 552,
    "residual_decoder": 728000,
    "scale_gate": 115,
    "shared_encoder": 11600,
    "total": 1471609,
    "trend_adapter": 552,
    "trend_decoder": 728000
  },
  "parameters": 1471609,
  "peak_gpu_memory_bytes": 1477784064,
  "primary_score": "total_score",
  "raw_gate": {
    "anomaly_mean": 0.23885153234004974,
    "mean": 0.23869852721691132,
    "normal_mean": 0.23864011466503143,
    "per_variable_mean": [
      0.06570176035165787,
      0.06081312894821167,
      0.0678899958729744,
      0.07749594748020172,
      0.22782088816165924,
      0.21664053201675415,
      0.353185772895813,
      0.26988792419433594,
      0.24105432629585266,
      0.2316557914018631,
      0.25723403692245483,
      0.2922793924808502,
      0.3827138841152191,
      0.37486469745635986,
      0.3586212992668152,
      0.30855023860931396,
      0.2477167397737503,
      0.2765844762325287,
      0.26714494824409485,
      0.2635619640350342,
      0.319701611995697,
      0.15482547879219055,
      0.27270257472991943,
      0.05745982378721237,
      0.3213232457637787
    ],
    "std": 0.12416860461235046
  },
  "scale_entropy": {
    "mean": 0.7656424045562744,
    "per_variable_mean": [
      0.9149999618530273,
      0.926402747631073,
      0.9410297870635986,
      0.7941415309906006,
      0.7443944215774536,
      0.7629365921020508,
      0.6502079367637634,
      0.7199513912200928,
      0.7699775695800781,
      0.7660871744155884,
      0.7468993067741394,
      0.6888369917869568,
      0.7376134991645813,
      0.716785192489624,
      0.7177370190620422,
      0.7194783091545105,
      0.7665160894393921,
      0.7211165428161621,
      0.7332519888877869,
      0.7483910322189331,
      0.7074485421180725,
      0.846966564655304,
      0.6825845837593079,
      0.9430398941040039,
      0.6742005944252014
    ]
  },
  "score_seconds": 36.7429313659668,
  "scored_length_before_padding": 87744,
  "scores": {
    "decomp_score": {
      "auc_pr": 0.424119766712844,
      "auc_roc": 0.6388918141387498
    },
    "raw_correction_score": {
      "auc_pr": 0.42837888656812345,
      "auc_roc": 0.6661539390699798
    },
    "residual_score": {
      "auc_pr": 0.41588793320239986,
      "auc_roc": 0.6306722074880372
    },
    "total_score": {
      "auc_pr": 0.5132947665349884,
      "auc_roc": 0.724183924768313
    },
    "trend_score": {
      "auc_pr": 0.3852500533722098,
      "auc_roc": 0.6182379621088494
    }
  },
  "seed": 2021
}