paper_dataset,seq_len,patch_size,mean_drift,low_frequency_energy_ratio_mean,periodicity_top3_ratio,correlation_drift,task_count
HAI20_07,192.0,16.0,0.1601396997650565,0.4443934852522522,0.4811110003498961,19.267082196217427,1
BATADAL,192.0,16.0,0.041779977015473625,0.2626294034264811,0.37285768174148665,3.4186444537373544,1
MetroPT3,192.0,16.0,0.13638904275900038,0.5629370724445282,0.41799950032201083,3.644071054831886,1
OPPORTUNITY,192.0,16.0,0.19235738504631852,0.41340215185511825,0.33350352211824386,6.834832830278538,13
Occupancy,192.0,16.0,0.7054957064489524,0.7323025624434413,0.6229424349802795,2.189539712280759,2
Metro,192.0,16.0,0.17040660710734945,0.524185450387615,0.3853499801868077,1.3769146714441292,1
SWAN-SF,192.0,16.0,0.16000533970718336,0.10936075369298282,0.1391513697097043,10.526747717347131,1
