baseline,MetroPT3,HAI21,SMD
PCA,0.841283655582,0.851084834901,0.872915029313
IsolationForest,0.784191761158,0.70012042848,0.762806297175
LOF,0.758625604492,0.802914409688,0.803042058288
OCSVM,0.892138863246,nan,0.878231216668
